,Model,Test_Year,Train_Years,Train_Rows,Test_Rows,Train_Time_Seconds,R2,RMSE,MAE,Total_Run_Time_Seconds,Target
0,ridge,2015,2011–2014,989,249,2.5445,-0.23195157180922665,0.02734528077835297,0.02230179306987003,41.114,Gold-T+7
1,ridge,2016,2012–2015,987,247,2.4767,-0.27137912171569445,0.03105724064506331,0.025067554593731427,41.114,Gold-T+7
2,ridge,2017,2013–2016,990,246,2.5506,-0.6467875610714049,0.025642092869374515,0.0213471253522574,41.114,Gold-T+7
3,ridge,2018,2014–2017,988,247,2.668,-1.2822082729905562,0.02187024382312742,0.018359778082751136,41.114,Gold-T+7
4,ridge,2019,2015–2018,989,248,2.7263,-0.1378942916234236,0.020360312406239242,0.01612775233757198,41.114,Gold-T+7
5,ridge,2020,2016–2019,988,251,2.5285,-0.3018180867381539,0.03722137581606618,0.027311828058881365,41.114,Gold-T+7
6,ridge,2021,2017–2020,992,251,2.5584,-0.38353886277689964,0.02659296210227053,0.02075589675525771,41.114,Gold-T+7
7,ridge,2022,2018–2021,997,250,2.6144,-0.0011750775121062151,0.02521201667500177,0.02095303186044699,41.114,Gold-T+7
8,ridge,2023,2019–2022,1000,247,2.5678,-0.32579586588124565,0.02667072048926736,0.02066039424783226,41.114,Gold-T+7
9,ridge,2024,2020–2023,999,249,2.5136,-0.47813077245410285,0.028943418086983808,0.023052468579041422,41.114,Gold-T+7
10,ridge,2025,2021–2024,997,177,2.628,0.04318113277847335,0.026099412681381207,0.01973801158330935,41.114,Gold-T+7
11,et,2015,2011–2014,989,249,3.5299,-0.0056821992412927624,0.024706768763298644,0.019588842539322537,46.395,Gold-T+7
12,et,2016,2012–2015,987,247,3.0831,-0.03252907718418552,0.02798829706986066,0.022301698493297956,46.395,Gold-T+7
13,et,2017,2013–2016,990,246,3.2131,-0.05607163320166553,0.020534369307244518,0.017310802004531063,46.395,Gold-T+7
14,et,2018,2014–2017,988,247,3.1492,0.00029614366766705924,0.014474769974436464,0.011650455764645459,46.395,Gold-T+7
15,et,2019,2015–2018,989,248,3.0683,-0.06769552036815285,0.019722283095251283,0.014589628552393093,46.395,Gold-T+7
16,et,2020,2016–2019,988,251,3.1675,-0.006584034460743737,0.03272972002180037,0.022665504668237312,46.395,Gold-T+7
17,et,2021,2017–2020,992,251,3.2498,-0.04280017534018721,0.02308721679253077,0.016892620193374612,46.395,Gold-T+7
18,et,2022,2018–2021,997,250,3.1585,-0.008691785550284825,0.02530648416340511,0.020721299987644763,46.395,Gold-T+7
19,et,2023,2019–2022,1000,247,3.1907,-0.002078512774835284,0.02318714578937032,0.018334264404210387,46.395,Gold-T+7
20,et,2024,2020–2023,999,249,3.1303,-0.05693852958721313,0.024474749404153586,0.019159712072468523,46.395,Gold-T+7
21,et,2025,2021–2024,997,177,3.1786,-0.1656789084896657,0.02880748460708649,0.02210725263721575,46.395,Gold-T+7
22,rf,2015,2011–2014,989,249,6.4858,-0.0056821992412927624,0.024706768763298644,0.019588842539322537,86.82,Gold-T+7
23,rf,2016,2012–2015,987,247,6.2416,-0.03252907718418552,0.02798829706986066,0.022301698493297956,86.82,Gold-T+7
24,rf,2017,2013–2016,990,246,7.6436,-0.05607163320166553,0.020534369307244518,0.017310802004531063,86.82,Gold-T+7
25,rf,2018,2014–2017,988,247,7.8683,0.028522894311321823,0.014268958416280134,0.011596521982251834,86.82,Gold-T+7
26,rf,2019,2015–2018,989,248,6.4085,-0.06769552036815285,0.019722283095251283,0.014589628552393093,86.82,Gold-T+7
27,rf,2020,2016–2019,988,251,6.1163,-0.006584034460743737,0.03272972002180037,0.022665504668237312,86.82,Gold-T+7
28,rf,2021,2017–2020,992,251,5.9395,-0.04188679227630043,0.023077103593025377,0.016887651970174947,86.82,Gold-T+7
29,rf,2022,2018–2021,997,250,7.1506,-0.007881698748182675,0.02529632022294975,0.02069731179316645,86.82,Gold-T+7
30,rf,2023,2019–2022,1000,247,7.6055,-0.0009821192512373678,0.02317445756499611,0.01832836480399612,86.82,Gold-T+7
31,rf,2024,2020–2023,999,249,7.0359,-0.05693852958721313,0.024474749404153586,0.019159712072468523,86.82,Gold-T+7
32,rf,2025,2021–2024,997,177,6.8809,-0.16667230667790944,0.028819756944025787,0.022095857935684148,86.82,Gold-T+7
33,gbr,2015,2011–2014,989,249,9.8874,-0.006220748012421673,0.024713383188367126,0.019596096906274695,117.131,Gold-T+7
34,gbr,2016,2012–2015,987,247,9.7648,-0.029785336468518775,0.02795108566578914,0.022255752951021876,117.131,Gold-T+7
35,gbr,2017,2013–2016,990,246,9.6509,-0.05903365568121077,0.020563146083692745,0.01733843014153273,117.131,Gold-T+7
36,gbr,2018,2014–2017,988,247,9.7099,-0.0016826409699037814,0.014489088361215615,0.011726632895754131,117.131,Gold-T+7
37,gbr,2019,2015–2018,989,248,9.4158,-0.06536084571755718,0.01970070844583498,0.01457151534342168,117.131,Gold-T+7
38,gbr,2020,2016–2019,988,251,9.4107,-0.006790410869472074,0.03273307507992809,0.022670916914882853,117.131,Gold-T+7
39,gbr,2021,2017–2020,992,251,9.1274,-0.03879156462884814,0.023042799473512645,0.016872532897270406,117.131,Gold-T+7
40,gbr,2022,2018–2021,997,250,9.4242,-0.00453035669007118,0.025254228371887642,0.020663811951494946,117.131,Gold-T+7
41,gbr,2023,2019–2022,1000,247,10.0244,-0.0009157315138357269,0.023173689057105793,0.01822556023541717,117.131,Gold-T+7
42,gbr,2024,2020–2023,999,249,10.2097,-0.06217933036392065,0.024535353059253442,0.019214133419009086,117.131,Gold-T+7
43,gbr,2025,2021–2024,997,177,9.384,-0.17134837076969367,0.028877454493709914,0.022163586817747195,117.131,Gold-T+7
44,catboost,2015,2011–2014,989,249,45.3686,-0.009946983695500844,0.024759100190831686,0.019629413089674343,538.275,Gold-T+7
45,catboost,2016,2012–2015,987,247,46.2163,-0.033022932950605544,0.027994989631757,0.022316806321379855,538.275,Gold-T+7
46,catboost,2017,2013–2016,990,246,45.85,-0.08611917781007583,0.020824444290560195,0.017595155925493357,538.275,Gold-T+7
47,catboost,2018,2014–2017,988,247,48.0913,0.005312321271339848,0.014438409543105303,0.01166476180217158,538.275,Gold-T+7
48,catboost,2019,2015–2018,989,248,45.9114,-0.06790013475120027,0.01972417280509327,0.014591546172510404,538.275,Gold-T+7
49,catboost,2020,2016–2019,988,251,47.5334,-0.006491360587575157,0.03272821331215855,0.022664719960957907,538.275,Gold-T+7
50,catboost,2021,2017–2020,992,251,48.6214,-0.041151502510809124,0.023068959064734215,0.016882183609463235,538.275,Gold-T+7
51,catboost,2022,2018–2021,997,250,49.8294,-0.005436522090161544,0.025265616454499627,0.020672710377681387,538.275,Gold-T+7
52,catboost,2023,2019–2022,1000,247,51.054,-0.009569427968633581,0.023273650760307168,0.018353215329235617,538.275,Gold-T+7
53,catboost,2024,2020–2023,999,249,48.7939,-0.056954037171854655,0.024474928952370047,0.019159990306735885,538.275,Gold-T+7
54,catboost,2025,2021–2024,997,177,49.2098,-0.17346694330714008,0.028903557464244035,0.022256191228364704,538.275,Gold-T+7
55,xgboost,2015,2011–2014,989,249,12.0889,-0.008237473130582762,0.02473813677878438,0.019628803859724143,168.633,Gold-T+7
56,xgboost,2016,2012–2015,987,247,11.1397,-0.029610198805980703,0.027948708716054517,0.02240964409405654,168.633,Gold-T+7
57,xgboost,2017,2013–2016,990,246,22.6591,-0.10203495341646818,0.020976468028457977,0.017739727553136013,168.633,Gold-T+7
58,xgboost,2018,2014–2017,988,247,22.8311,0.0035371522324787463,0.0144512875514056,0.011716986155260572,168.633,Gold-T+7
59,xgboost,2019,2015–2018,989,248,10.7901,-0.07095038158737998,0.01975232183027511,0.014655798355352629,168.633,Gold-T+7
60,xgboost,2020,2016–2019,988,251,10.628,-0.003278785464608358,0.03267593970028858,0.022670483085934306,168.633,Gold-T+7
61,xgboost,2021,2017–2020,992,251,10.8371,-0.017263457544733685,0.022802777796374907,0.0167516325367454,168.633,Gold-T+7
62,xgboost,2022,2018–2021,997,250,10.516,-0.2646930802009042,0.02833643049438966,0.023210814484955742,168.633,Gold-T+7
63,xgboost,2023,2019–2022,1000,247,10.7206,-0.0022711201425875682,0.023189374058153186,0.018270421429280287,168.633,Gold-T+7
64,xgboost,2024,2020–2023,999,249,11.1385,-0.09951002051653468,0.02496278203501885,0.019564439959787364,168.633,Gold-T+7
65,xgboost,2025,2021–2024,997,177,23.6435,-0.1685274659177265,0.02884266140520389,0.022103268687184607,168.633,Gold-T+7
66,mlp,2015,2011–2014,989,249,10.1845,-0.025067989626420317,0.024943759177374476,0.019889499651067656,119.962,Gold-T+7
67,mlp,2016,2012–2015,987,247,9.4801,-0.004915948738052345,0.027611512623297665,0.021878571767988447,119.962,Gold-T+7
68,mlp,2017,2013–2016,990,246,9.7825,-0.03731703612174586,0.020351219340969555,0.01705217048735194,119.962,Gold-T+7
69,mlp,2018,2014–2017,988,247,10.9501,-0.07994627213736916,0.01504447586724385,0.012137297521292579,119.962,Gold-T+7
70,mlp,2019,2015–2018,989,248,9.1603,-0.02944174175071268,0.01936575196393273,0.014267894160359878,119.962,Gold-T+7
71,mlp,2020,2016–2019,988,251,9.4142,0.005760888772709083,0.03252839934466669,0.022386989231484817,119.962,Gold-T+7
72,mlp,2021,2017–2020,992,251,9.3461,-0.004831441595742669,0.02266301265142196,0.016928219133037232,119.962,Gold-T+7
73,mlp,2022,2018–2021,997,250,8.6912,0.005040880392532587,0.025133628365896492,0.020547242799295765,119.962,Gold-T+7
74,mlp,2023,2019–2022,1000,247,10.2114,-0.0273403015253455,0.023477593588487847,0.018768796130929098,119.962,Gold-T+7
75,mlp,2024,2020–2023,999,249,9.0249,-0.02324030535701449,0.024081426426811357,0.018676253398466153,119.962,Gold-T+7
76,mlp,2025,2021–2024,997,177,10.9948,-0.1909293488637236,0.029117820753710166,0.02244637320526763,119.962,Gold-T+7
77,ridge,2015,2011–2014,989,249,2.5964,-0.4041655377025122,0.0412034156143392,0.034248364916074296,42.49,Gold-T+14
78,ridge,2016,2012–2015,987,247,2.6841,-0.4306421119870554,0.047641801788943484,0.03880565280747352,42.49,Gold-T+14
79,ridge,2017,2013–2016,990,246,2.6094,-1.3311738661651327,0.040460289604565554,0.03384192847516266,42.49,Gold-T+14
80,ridge,2018,2014–2017,988,247,2.7309,-2.7667514292476123,0.03707371210583741,0.03052550196803676,42.49,Gold-T+14
81,ridge,2019,2015–2018,989,248,2.5742,-0.5186626022790382,0.030187727956289767,0.025167621634407666,42.49,Gold-T+14
82,ridge,2020,2016–2019,988,251,2.6373,-0.7357640133960517,0.051932261866210236,0.03874891066706303,42.49,Gold-T+14
83,ridge,2021,2017–2020,992,251,2.6415,-0.543296261826882,0.03863002546360169,0.030510701034394593,42.49,Gold-T+14
84,ridge,2022,2018–2021,997,250,2.6607,0.06296448563778867,0.03413532943755451,0.02776566916656741,42.49,Gold-T+14
85,ridge,2023,2019–2022,1000,247,2.8791,-0.13772413561778185,0.033980625550805235,0.02620540203972346,42.49,Gold-T+14
86,ridge,2024,2020–2023,999,249,2.7519,-0.7239798259884207,0.04157369952484899,0.033265549873155,42.49,Gold-T+14
87,ridge,2025,2021–2024,997,177,2.6734,0.0995466593294162,0.03164572399562263,0.025298746446294217,42.49,Gold-T+14
88,et,2015,2011–2014,989,249,4.291,-0.02450425613794449,0.03519499821005202,0.027979319760002373,53.548,Gold-T+14
89,et,2016,2012–2015,987,247,3.7255,-0.03014036697726996,0.04042694079416057,0.03274861027124656,53.548,Gold-T+14
90,et,2017,2013–2016,990,246,3.5907,-0.0873737980239715,0.027633194000914872,0.023316230373014543,53.548,Gold-T+14
91,et,2018,2014–2017,988,247,4.0294,-0.5040671174131097,0.02342697427020547,0.019402650221391555,53.548,Gold-T+14
92,et,2019,2015–2018,989,248,3.8451,-0.1546244197471165,0.026322076536537297,0.020610005413793618,53.548,Gold-T+14
93,et,2020,2016–2019,988,251,3.8319,-0.01602449639511061,0.039732325778037154,0.029685814352606445,53.548,Gold-T+14
94,et,2021,2017–2020,992,251,3.6681,-0.06720897129982673,0.03212366409464122,0.025013679104677184,53.548,Gold-T+14
95,et,2022,2018–2021,997,250,3.9277,0.02228687925056405,0.034868381947981635,0.028147517545426354,53.548,Gold-T+14
96,et,2023,2019–2022,1000,247,3.5877,-0.001610038850044626,0.031883223110762283,0.02570227824769887,53.548,Gold-T+14
97,et,2024,2020–2023,999,249,3.3834,-0.15072658793401073,0.03396555043447584,0.026592571053593233,53.548,Gold-T+14
98,et,2025,2021–2024,997,177,3.5848,-0.47308726695264136,0.04047610062867379,0.032420711939732824,53.548,Gold-T+14
99,rf,2015,2011–2014,989,249,6.6408,-0.024615309735150914,0.03519690568150398,0.027979468195106678,90.51,Gold-T+14
100,rf,2016,2012–2015,987,247,6.3562,-0.07156245992157739,0.04123171704637864,0.033251090382203814,90.51,Gold-T+14
101,rf,2017,2013–2016,990,246,7.1732,-0.0873737980239715,0.027633194000914872,0.023316230373014543,90.51,Gold-T+14
102,rf,2018,2014–2017,988,247,7.2968,0.01432459071576564,0.018964856162998794,0.015693151059588416,90.51,Gold-T+14
103,rf,2019,2015–2018,989,248,7.2698,-0.1546244197471165,0.026322076536537297,0.020610005413793618,90.51,Gold-T+14
104,rf,2020,2016–2019,988,251,6.4527,-0.01602449639511061,0.039732325778037154,0.029685814352606445,90.51,Gold-T+14
105,rf,2021,2017–2020,992,251,6.5673,-0.06720897129982673,0.03212366409464122,0.025013679104677184,90.51,Gold-T+14
106,rf,2022,2018–2021,997,250,8.2045,-0.024564958806290393,0.03569404954583065,0.02903273345114134,90.51,Gold-T+14
107,rf,2023,2019–2022,1000,247,8.1686,-0.0033108301586681765,0.0319102813999984,0.025745566699859154,90.51,Gold-T+14
108,rf,2024,2020–2023,999,249,7.0393,-0.15072658793401073,0.03396555043447584,0.026592571053593233,90.51,Gold-T+14
109,rf,2025,2021–2024,997,177,7.4726,-0.44724827732603467,0.04011954045571979,0.032236933222651594,90.51,Gold-T+14
110,gbr,2015,2011–2014,989,249,10.5434,-0.029317141601084895,0.03527757035259595,0.028052493663307563,120.157,Gold-T+14
111,gbr,2016,2012–2015,987,247,9.7198,-0.06190888121600424,0.04104557103953507,0.03309654089902079,120.157,Gold-T+14
112,gbr,2017,2013–2016,990,246,9.814,-0.1869529585608687,0.02887077271672686,0.02445889085919486,120.157,Gold-T+14
113,gbr,2018,2014–2017,988,247,11.0399,-0.010185043376312874,0.019199196755038894,0.01587884711584634,120.157,Gold-T+14
114,gbr,2019,2015–2018,989,248,9.482,-0.1732868517018875,0.02653394840438548,0.020730009412394577,120.157,Gold-T+14
115,gbr,2020,2016–2019,988,251,9.8379,-0.0045394141975336755,0.03950712158813103,0.029462375014876988,120.157,Gold-T+14
116,gbr,2021,2017–2020,992,251,9.4794,-0.07026487250195346,0.03216962349568912,0.02502852333308472,120.157,Gold-T+14
117,gbr,2022,2018–2021,997,250,9.4992,-0.0010465849068017619,0.035282001743246694,0.02906200788185575,120.157,Gold-T+14
118,gbr,2023,2019–2022,1000,247,10.0111,-6.906618684054955e-05,0.03185868757053348,0.025577490038356288,120.157,Gold-T+14
119,gbr,2024,2020–2023,999,249,10.1224,-0.15993501094713447,0.03410118036385436,0.02668354510296574,120.157,Gold-T+14
120,gbr,2025,2021–2024,997,177,9.2956,-0.431266767005986,0.0398974117569618,0.03209381402268556,120.157,Gold-T+14
121,catboost,2015,2011–2014,989,249,46.3242,-0.022119275629115975,0.0351540084862111,0.02817463712217471,575.961,Gold-T+14
122,catboost,2016,2012–2015,987,247,47.2389,-0.07162612305759031,0.04123294184732202,0.033252384047280203,575.961,Gold-T+14
123,catboost,2017,2013–2016,990,246,51.502,-0.21922906515123985,0.029260672799073347,0.024830518912845902,575.961,Gold-T+14
124,catboost,2018,2014–2017,988,247,49.6184,0.09552872041943228,0.018166864740413676,0.014991218780416694,575.961,Gold-T+14
125,catboost,2019,2015–2018,989,248,50.7582,-0.18026125815455551,0.02661269485190155,0.020748321881041896,575.961,Gold-T+14
126,catboost,2020,2016–2019,988,251,51.0215,-0.014269952937725927,0.03969800464973102,0.029671270159260237,575.961,Gold-T+14
127,catboost,2021,2017–2020,992,251,50.0232,-0.06673084165741594,0.03211646728636092,0.02500721768541146,575.961,Gold-T+14
128,catboost,2022,2018–2021,997,250,50.7115,-0.0071967775936447875,0.035390217907605374,0.028041794426919255,575.961,Gold-T+14
129,catboost,2023,2019–2022,1000,247,55.7488,-0.01461296425186065,0.03208951014510251,0.025884584994137896,575.961,Gold-T+14
130,catboost,2024,2020–2023,999,249,54.7771,-0.1509697294789636,0.03396913860229134,0.026595181182103324,575.961,Gold-T+14
131,catboost,2025,2021–2024,997,177,56.3099,-0.45559706749680906,0.04023509352279052,0.032157452801074245,575.961,Gold-T+14
132,xgboost,2015,2011–2014,989,249,12.6043,-0.01553610461922017,0.03504061727303806,0.027865191072424803,180.739,Gold-T+14
133,xgboost,2016,2012–2015,987,247,22.891,-0.0710313442165178,0.041221497610985584,0.03326051391024682,180.739,Gold-T+14
134,xgboost,2017,2013–2016,990,246,11.2644,-0.8873595141434512,0.0364056652561259,0.030394936394293335,180.739,Gold-T+14
135,xgboost,2018,2014–2017,988,247,22.6905,0.011856190127339405,0.018988587905853456,0.015742486634646526,180.739,Gold-T+14
136,xgboost,2019,2015–2018,989,248,22.8974,-0.18196500668981752,0.026631896104338682,0.020635063210663628,180.739,Gold-T+14
137,xgboost,2020,2016–2019,988,251,10.6898,-0.016023156006305328,0.039732299569622674,0.029685823021121983,180.739,Gold-T+14
138,xgboost,2021,2017–2020,992,251,9.9128,0.009054529195675731,0.0309546017423125,0.024712202638193757,180.739,Gold-T+14
139,xgboost,2022,2018–2021,997,250,10.3954,0.03130792290032669,0.03470714951868249,0.028455331987772035,180.739,Gold-T+14
140,xgboost,2023,2019–2022,1000,247,10.8155,0.04495730764743078,0.03113323693812984,0.024824954879740662,180.739,Gold-T+14
141,xgboost,2024,2020–2023,999,249,11.3594,-0.15072758234672845,0.033965565110319944,0.026592577064776326,180.739,Gold-T+14
142,xgboost,2025,2021–2024,997,177,23.3966,-0.45498597452053247,0.040226646829426976,0.03206213347178905,180.739,Gold-T+14
143,mlp,2015,2011–2014,989,249,10.5238,-0.15075427852420376,0.03730056095517935,0.029390325159575317,135.352,Gold-T+14
144,mlp,2016,2012–2015,987,247,8.6472,-0.1438798571677231,0.042600322003558774,0.03451110734261599,135.352,Gold-T+14
145,mlp,2017,2013–2016,990,246,8.9051,-0.059496714299637654,0.027276677016722106,0.022824425965017426,135.352,Gold-T+14
146,mlp,2018,2014–2017,988,247,10.34,-0.09428501205563267,0.019982407796638135,0.016670872194991564,135.352,Gold-T+14
147,mlp,2019,2015–2018,989,248,12.5164,-0.1508819158845769,0.026279382814243232,0.02046069035238718,135.352,Gold-T+14
148,mlp,2020,2016–2019,988,251,9.8228,-0.007495791229400028,0.03956521395206968,0.029447149125725533,135.352,Gold-T+14
149,mlp,2021,2017–2020,992,251,10.0422,-0.07415226936915875,0.03222799350574167,0.025061990152678862,135.352,Gold-T+14
150,mlp,2022,2018–2021,997,250,15.5415,-0.014286943832990007,0.035514564256158766,0.02922750552261766,135.352,Gold-T+14
151,mlp,2023,2019–2022,1000,247,11.3644,2.2500913123835176e-06,0.03185755160722442,0.025568494072337786,135.352,Gold-T+14
152,mlp,2024,2020–2023,999,249,13.9032,-0.3418687564886169,0.036678165320837654,0.028871221029132633,135.352,Gold-T+14
153,mlp,2025,2021–2024,997,177,10.4484,-0.4991991874542645,0.04083326415727976,0.03272245539050365,135.352,Gold-T+14
154,ridge,2015,2011–2014,989,249,2.7341,-0.35057034005941157,0.04715020154017693,0.0388814816908962,43.064,Gold-T+21
155,ridge,2016,2012–2015,987,247,2.5765,-0.4941754638801994,0.06088864603332169,0.04978913480074638,43.064,Gold-T+21
156,ridge,2017,2013–2016,990,246,2.8525,-1.9733714075691955,0.05174433009869012,0.04319938421285324,43.064,Gold-T+21
157,ridge,2018,2014–2017,988,247,2.7452,-2.733043400008872,0.0473526074540856,0.039798990965060135,43.064,Gold-T+21
158,ridge,2019,2015–2018,989,248,2.6184,-0.47381193682478395,0.03898639446235119,0.03237812035235306,43.064,Gold-T+21
159,ridge,2020,2016–2019,988,251,2.5865,-1.1779146124709539,0.06310318571234852,0.04721004086750337,43.064,Gold-T+21
160,ridge,2021,2017–2020,992,251,2.4779,-0.6424566370641733,0.04685888724176577,0.035376575653187435,43.064,Gold-T+21
161,ridge,2022,2018–2021,997,250,2.5305,0.09931385943178861,0.04193491067544285,0.034827701997654545,43.064,Gold-T+21
162,ridge,2023,2019–2022,1000,247,2.6743,0.006387559870509207,0.03487759100585938,0.02639892607755471,43.064,Gold-T+21
163,ridge,2024,2020–2023,999,249,2.8046,-1.717770025362491,0.05590687919533973,0.04773667139126271,43.064,Gold-T+21
164,ridge,2025,2021–2024,997,177,2.8078,-0.020653644488734413,0.04072609322160399,0.031188000375772695,43.064,Gold-T+21
165,et,2015,2011–2014,989,249,4.8776,-0.049145147747358786,0.04155686119131618,0.03253031131325006,58.786,Gold-T+21
166,et,2016,2012–2015,987,247,3.6638,-0.09490284009587424,0.052122268337688384,0.04104516094706215,58.786,Gold-T+21
167,et,2017,2013–2016,990,246,3.9451,-0.3247862599306799,0.03453910629452071,0.02803480945066124,58.786,Gold-T+21
168,et,2018,2014–2017,988,247,4.4223,-0.46500438739823546,0.029664145415828718,0.024330008995471827,58.786,Gold-T+21
169,et,2019,2015–2018,989,248,3.9636,-0.2245349449525773,0.035536743648639124,0.02720318074576978,58.786,Gold-T+21
170,et,2020,2016–2019,988,251,3.5374,-0.06040117622513819,0.04403175145878003,0.03379160692523443,58.786,Gold-T+21
171,et,2021,2017–2020,992,251,3.8965,-0.10079958132004263,0.038361814664246006,0.031032325290529076,58.786,Gold-T+21
172,et,2022,2018–2021,997,250,4.4294,0.023740185194188856,0.04365878936629205,0.036917372051483315,58.786,Gold-T+21
173,et,2023,2019–2022,1000,247,5.3381,0.010800104422380885,0.03480006069259833,0.027007199198208022,58.786,Gold-T+21
174,et,2024,2020–2023,999,249,3.6893,-0.36079462571371246,0.03955990048743952,0.032086363534175474,58.786,Gold-T+21
175,et,2025,2021–2024,997,177,4.0706,-0.6786185289432329,0.05222874159332386,0.041182919822102974,58.786,Gold-T+21
176,rf,2015,2011–2014,989,249,7.3866,-0.04741553655536834,0.04152259192893177,0.032583020655871785,101.318,Gold-T+21
177,rf,2016,2012–2015,987,247,9.7173,-0.11594955522606543,0.052620842636735644,0.0444642724992435,101.318,Gold-T+21
178,rf,2017,2013–2016,990,246,9.7913,-0.5724603415242873,0.03762946457847873,0.031084612489052414,101.318,Gold-T+21
179,rf,2018,2014–2017,988,247,7.1096,0.0787841845302718,0.023523019653245568,0.01979314160865765,101.318,Gold-T+21
180,rf,2019,2015–2018,989,248,8.2142,-0.2245349449525773,0.035536743648639124,0.02720318074576978,101.318,Gold-T+21
181,rf,2020,2016–2019,988,251,8.2157,-0.06040117622513819,0.04403175145878003,0.03379160692523443,101.318,Gold-T+21
182,rf,2021,2017–2020,992,251,6.4042,-0.10079958132004307,0.03836181466424601,0.031032325290529086,101.318,Gold-T+21
183,rf,2022,2018–2021,997,250,8.3138,0.0023331868050699978,0.04413485917791458,0.03714869076004483,101.318,Gold-T+21
184,rf,2023,2019–2022,1000,247,7.3644,-0.032463822482535765,0.035552929521011786,0.028131349364248402,101.318,Gold-T+21
185,rf,2024,2020–2023,999,249,9.3542,-0.36079462571371246,0.03955990048743952,0.032086363534175474,101.318,Gold-T+21
186,rf,2025,2021–2024,997,177,6.8888,-0.7501181634958378,0.053329466827613074,0.042240841391925237,101.318,Gold-T+21
187,gbr,2015,2011–2014,989,249,18.3599,-0.04716596241986415,0.04151764471266074,0.03258061970960382,139.957,Gold-T+21
188,gbr,2016,2012–2015,987,247,9.9112,-0.08813874975869274,0.05196101844500893,0.040879524479821676,139.957,Gold-T+21
189,gbr,2017,2013–2016,990,246,14.4355,-0.8073409493382593,0.040342075019534844,0.033638066272303736,139.957,Gold-T+21
190,gbr,2018,2014–2017,988,247,13.9962,0.08643904370276323,0.023425083303175647,0.018775345344444937,139.957,Gold-T+21
191,gbr,2019,2015–2018,989,248,11.3407,-0.2310991136119731,0.03563186441377853,0.02719443577609746,139.957,Gold-T+21
192,gbr,2020,2016–2019,988,251,9.8203,-0.027346564370072768,0.043340043898089584,0.033691937613536484,139.957,Gold-T+21
193,gbr,2021,2017–2020,992,251,9.4747,-0.10484003860056212,0.03843215321913541,0.031062529022559383,139.957,Gold-T+21
194,gbr,2022,2018–2021,997,250,9.218,-0.0021249355476027354,0.044233358638377795,0.037036991704788996,139.957,Gold-T+21
195,gbr,2023,2019–2022,1000,247,11.3627,-0.0052164729657746545,0.03508066108584813,0.02739946395887013,139.957,Gold-T+21
196,gbr,2024,2020–2023,999,249,11.2033,-0.33263744539912676,0.03914847993645193,0.031808882923822,139.957,Gold-T+21
197,gbr,2025,2021–2024,997,177,9.4238,-0.8784246819425794,0.055249766732302974,0.04282490542613295,139.957,Gold-T+21
198,catboost,2015,2011–2014,989,249,59.3534,0.08119122860640071,0.03888996172663535,0.030092358917416358,632.132,Gold-T+21
199,catboost,2016,2012–2015,987,247,49.3204,-0.09645663106605018,0.05215923892303415,0.04108540029458668,632.132,Gold-T+21
200,catboost,2017,2013–2016,990,246,51.5199,-0.6889500384147229,0.03899838206287996,0.0319578418929857,632.132,Gold-T+21
201,catboost,2018,2014–2017,988,247,64.9813,-0.39049433867560857,0.02889994333696596,0.023305699296629588,632.132,Gold-T+21
202,catboost,2019,2015–2018,989,248,54.7251,-0.22141950532869425,0.035491508889239604,0.026979706856806823,632.132,Gold-T+21
203,catboost,2020,2016–2019,988,251,53.1863,-0.0270785143807466,0.043334389498402306,0.03369118510928058,632.132,Gold-T+21
204,catboost,2021,2017–2020,992,251,48.5312,-0.10034297634811717,0.03835385771532238,0.031026502398879087,632.132,Gold-T+21
205,catboost,2022,2018–2021,997,250,64.6171,0.11983225256839702,0.04145450249542262,0.03587764901376651,632.132,Gold-T+21
206,catboost,2023,2019–2022,1000,247,58.2482,-0.011882872475941886,0.035196792912792374,0.027703125471177217,632.132,Gold-T+21
207,catboost,2024,2020–2023,999,249,56.6452,-0.32981633975691005,0.03910702060722067,0.03178563982031548,632.132,Gold-T+21
208,catboost,2025,2021–2024,997,177,58.9502,-0.7072996774792815,0.05267304614310387,0.041570844945618454,632.132,Gold-T+21
209,xgboost,2015,2011–2014,989,249,26.1312,-0.018150362125158415,0.04093840418787877,0.032013004075518485,202.554,Gold-T+21
210,xgboost,2016,2012–2015,987,247,13.409,-0.09049419872230846,0.05201722697755699,0.04108019585397412,202.554,Gold-T+21
211,xgboost,2017,2013–2016,990,246,27.1127,-0.3616876085228362,0.035016838326545674,0.028395687411354228,202.554,Gold-T+21
212,xgboost,2018,2014–2017,988,247,22.0144,0.02411587263184345,0.024210931887307687,0.020451147386303072,202.554,Gold-T+21
213,xgboost,2019,2015–2018,989,248,22.9932,-0.2440057265765565,0.035818156327162634,0.02692883735704634,202.554,Gold-T+21
214,xgboost,2020,2016–2019,988,251,12.4193,-0.027345508600374657,0.043340021628527195,0.03369192747230858,202.554,Gold-T+21
215,xgboost,2021,2017–2020,992,251,10.8181,-0.10079364767712073,0.03836171127321068,0.031032244948838033,202.554,Gold-T+21
216,xgboost,2022,2018–2021,997,250,11.3392,-0.004598272219776378,0.044287911001346915,0.0370520771569692,202.554,Gold-T+21
217,xgboost,2023,2019–2022,1000,247,10.6041,-0.06113704952863652,0.0360432305270165,0.02929637102463533,202.554,Gold-T+21
218,xgboost,2024,2020–2023,999,249,10.9602,-0.3297238691006281,0.03910566090264337,0.03178312755036279,202.554,Gold-T+21
219,xgboost,2025,2021–2024,997,177,22.6518,-0.7274031903245652,0.05298225205086213,0.04166734879607506,202.554,Gold-T+21
220,mlp,2015,2011–2014,989,249,13.3483,-0.18078576881216546,0.04408699566817677,0.03440537453689891,131.674,Gold-T+21
221,mlp,2016,2012–2015,987,247,8.7921,-0.2561009747729279,0.055827450212245604,0.04368682695976888,131.674,Gold-T+21
222,mlp,2017,2013–2016,990,246,9.6846,-0.12642137024355082,0.031848474054560046,0.02590248241818367,131.674,Gold-T+21
223,mlp,2018,2014–2017,988,247,10.334,-0.09186870905994327,0.025609292988546292,0.02169102904340056,131.674,Gold-T+21
224,mlp,2019,2015–2018,989,248,10.7817,-0.3523671573480176,0.037345591758612816,0.027996094846343127,131.674,Gold-T+21
225,mlp,2020,2016–2019,988,251,11.4338,-0.00998992729429915,0.04297237744688548,0.0330995108028465,131.674,Gold-T+21
226,mlp,2021,2017–2020,992,251,10.7827,-0.14673460220670376,0.03915403039562722,0.031227077614141643,131.674,Gold-T+21
227,mlp,2022,2018–2021,997,250,11.1219,-0.0309663797673283,0.044865367941534964,0.037452409899692854,131.674,Gold-T+21
228,mlp,2023,2019–2022,1000,247,10.3492,-0.006158699439841486,0.035097098433649956,0.027201627549656607,131.674,Gold-T+21
229,mlp,2024,2020–2023,999,249,11.3655,-0.12072548001801797,0.03590116325846095,0.029293032823530428,131.674,Gold-T+21
230,mlp,2025,2021–2024,997,177,11.179,-0.9829697622934372,0.05676643248229556,0.04515100873878243,131.674,Gold-T+21
231,ridge,2015,2011–2014,989,249,2.7247,-0.3495822485700706,0.05448136311998384,0.04250788714531477,42.166,Gold-T+28
232,ridge,2016,2012–2015,987,247,2.5732,-0.5709576126872078,0.07086484626087876,0.05724599925502935,42.166,Gold-T+28
233,ridge,2017,2013–2016,990,246,2.6626,-2.6128660129976624,0.05682353657728763,0.04876027515279102,42.166,Gold-T+28
234,ridge,2018,2014–2017,988,247,2.7446,-2.642530590758032,0.05717269084501643,0.05014171521054149,42.166,Gold-T+28
235,ridge,2019,2015–2018,989,248,2.5833,-0.37036400405326253,0.04323659094555027,0.035745151312449694,42.166,Gold-T+28
236,ridge,2020,2016–2019,988,251,2.6372,-1.0741777336334457,0.06705994415024086,0.05033831640089038,42.166,Gold-T+28
237,ridge,2021,2017–2020,992,251,2.6039,-0.7090755469355425,0.05205292598132844,0.036614242485664146,42.166,Gold-T+28
238,ridge,2022,2018–2021,997,250,2.7537,0.03810221153880178,0.04816721769605218,0.03989396804944117,42.166,Gold-T+28
239,ridge,2023,2019–2022,1000,247,2.6728,0.03289828225265112,0.036520578837713605,0.03016002725968286,42.166,Gold-T+28
240,ridge,2024,2020–2023,999,249,2.4221,-1.805296073863591,0.06580590575354729,0.05622090971214162,42.166,Gold-T+28
241,ridge,2025,2021–2024,997,177,2.6401,-0.7705308711594314,0.06054731104329718,0.04871949287519274,42.166,Gold-T+28
242,et,2015,2011–2014,989,249,4.0104,-0.02583600642007511,0.04749930506127667,0.03668782010279858,53.205,Gold-T+28
243,et,2016,2012–2015,987,247,3.5397,-0.12237965840656972,0.05989885342298542,0.04598950384056455,53.205,Gold-T+28
244,et,2017,2013–2016,990,246,3.9821,-1.1598912914573627,0.04393577370737278,0.03783837282390157,53.205,Gold-T+28
245,et,2018,2014–2017,988,247,3.959,-0.027857348325032616,0.030370605567553607,0.02474362567765025,53.205,Gold-T+28
246,et,2019,2015–2018,989,248,3.5393,-0.29862875978435155,0.042089714627332096,0.033442128982711795,53.205,Gold-T+28
247,et,2020,2016–2019,988,251,3.9761,-0.09096260643690202,0.04863457622700355,0.038518777400461834,53.205,Gold-T+28
248,et,2021,2017–2020,992,251,3.732,-0.130909103599254,0.04234268237516257,0.03474898170351476,53.205,Gold-T+28
249,et,2022,2018–2021,997,250,3.8943,-0.06967750935412553,0.050794130436273115,0.04407669593611783,53.205,Gold-T+28
250,et,2023,2019–2022,1000,247,3.7422,-0.006806580497805026,0.037262723824334376,0.02969086414055051,53.205,Gold-T+28
251,et,2024,2020–2023,999,249,3.4659,-0.6224830010602267,0.05004556502137566,0.04118185358331357,53.205,Gold-T+28
252,et,2025,2021–2024,997,177,3.7229,-0.9543905822992769,0.06361342651886245,0.050035110795636537,53.205,Gold-T+28
253,rf,2015,2011–2014,989,249,7.1407,-0.04135822948907797,0.04785731874580521,0.03702323477510027,88.067,Gold-T+28
254,rf,2016,2012–2015,987,247,7.3254,-0.12237965840656972,0.05989885342298542,0.04598950384056455,88.067,Gold-T+28
255,rf,2017,2013–2016,990,246,7.1126,-1.1959059761811477,0.044300558591392626,0.036894342760498536,88.067,Gold-T+28
256,rf,2018,2014–2017,988,247,6.7375,0.10495787520953725,0.02834058214252024,0.023487186387819565,88.067,Gold-T+28
257,rf,2019,2015–2018,989,248,7.4707,-0.29862875978435155,0.042089714627332096,0.033442128982711795,88.067,Gold-T+28
258,rf,2020,2016–2019,988,251,7.5415,-0.09096260643690202,0.04863457622700355,0.038518777400461834,88.067,Gold-T+28
259,rf,2021,2017–2020,992,251,6.4116,-0.130909103599254,0.04234268237516257,0.03474898170351476,88.067,Gold-T+28
260,rf,2022,2018–2021,997,250,6.4237,0.009824631867522915,0.048870092025610885,0.0418350404386528,88.067,Gold-T+28
261,rf,2023,2019–2022,1000,247,6.6307,-0.016494283095169093,0.03744156947630858,0.03074990694076234,88.067,Gold-T+28
262,rf,2024,2020–2023,999,249,6.6863,-0.47617125531327953,0.047735765493978496,0.03922964434395108,88.067,Gold-T+28
263,rf,2025,2021–2024,997,177,6.9536,-0.9542216962132866,0.06361067792428182,0.05003282189424161,88.067,Gold-T+28
264,gbr,2015,2011–2014,989,249,18.3376,-0.04133774303502169,0.047856847999257116,0.03702283174865924,133.851,Gold-T+28
265,gbr,2016,2012–2015,987,247,9.2885,-0.11416439758704122,0.05967923590569774,0.045799175873243246,133.851,Gold-T+28
266,gbr,2017,2013–2016,990,246,9.643,-0.8195631968253512,0.040326070406027606,0.03218176573145071,133.851,Gold-T+28
267,gbr,2018,2014–2017,988,247,9.6233,0.07558165196493727,0.02880191122256231,0.02379365981041229,133.851,Gold-T+28
268,gbr,2019,2015–2018,989,248,11.2574,-0.2935385138446136,0.04200714393255832,0.0333611613013659,133.851,Gold-T+28
269,gbr,2020,2016–2019,988,251,9.6072,-0.039886018437494064,0.047482444908326635,0.03810277258389358,133.851,Gold-T+28
270,gbr,2021,2017–2020,992,251,9.8661,-0.1351577103311652,0.042422144447537814,0.0348176450477679,133.851,Gold-T+28
271,gbr,2022,2018–2021,997,250,14.2175,0.09079933661198303,0.04682922489866761,0.040782415277718344,133.851,Gold-T+28
272,gbr,2023,2019–2022,1000,247,9.645,-0.016884748345855183,0.03744875998803455,0.030736007648108528,133.851,Gold-T+28
273,gbr,2024,2020–2023,999,249,9.761,-0.47644150722908685,0.04774013493676257,0.03923338653964522,133.851,Gold-T+28
274,gbr,2025,2021–2024,997,177,11.2398,-0.9462001550494681,0.06347999153272879,0.04989180571362917,133.851,Gold-T+28
275,catboost,2015,2011–2014,989,249,53.9471,-0.04098823872089441,0.047848816225399035,0.037015850866571914,620.986,Gold-T+28
276,catboost,2016,2012–2015,987,247,52.1846,-0.11396226609928517,0.05967382216247606,0.04579951866656321,620.986,Gold-T+28
277,catboost,2017,2013–2016,990,246,53.5809,-0.9838982353659242,0.042107749202191784,0.03423176728976695,620.986,Gold-T+28
278,catboost,2018,2014–2017,988,247,61.6612,0.11822900560500338,0.02812968917400099,0.023803303240569187,620.986,Gold-T+28
279,catboost,2019,2015–2018,989,248,56.4341,-0.29563259046577417,0.042041132331174,0.03340237343431279,620.986,Gold-T+28
280,catboost,2020,2016–2019,988,251,55.1145,-0.03982115410852494,0.047480963993638776,0.0381030595867091,620.986,Gold-T+28
281,catboost,2021,2017–2020,992,251,62.9286,-0.12510526222288987,0.042233890996077494,0.03464126656391492,620.986,Gold-T+28
282,catboost,2022,2018–2021,997,250,56.0855,0.06865838280656789,0.047395990368073994,0.039914015619132076,620.986,Gold-T+28
283,catboost,2023,2019–2022,1000,247,49.7293,-0.004380815349415146,0.037217806990138484,0.03039822519848998,620.986,Gold-T+28
284,catboost,2024,2020–2023,999,249,52.2383,-0.47660792810326913,0.047742825436548536,0.03923773261898284,620.986,Gold-T+28
285,catboost,2025,2021–2024,997,177,55.3473,-0.9138417973871433,0.06295005680026416,0.04921242560879191,620.986,Gold-T+28
286,xgboost,2015,2011–2014,989,249,11.5281,-0.03283112835349633,0.04766097755564306,0.03671590115488915,150.376,Gold-T+28
287,xgboost,2016,2012–2015,987,247,13.9362,-0.11205724730002253,0.05962277537217737,0.04579133963997549,150.376,Gold-T+28
288,xgboost,2017,2013–2016,990,246,13.1358,-1.4428084675375046,0.046724755809580784,0.03870967491730596,150.376,Gold-T+28
289,xgboost,2018,2014–2017,988,247,11.2855,0.025761930491739693,0.029567838474614465,0.024548610558717546,150.376,Gold-T+28
290,xgboost,2019,2015–2018,989,248,14.4154,-0.29112169844894975,0.04196788303060053,0.03331993786595113,150.376,Gold-T+28
291,xgboost,2020,2016–2019,988,251,11.167,-0.03987856410626889,0.047482274721162,0.03810269142478175,150.376,Gold-T+28
292,xgboost,2021,2017–2020,992,251,10.3717,-0.13090254201099594,0.04234255953785866,0.03474888985410997,150.376,Gold-T+28
293,xgboost,2022,2018–2021,997,250,10.0332,0.25167681225734895,0.04248461616364838,0.03524759273086009,150.376,Gold-T+28
294,xgboost,2023,2019–2022,1000,247,10.316,-0.1567585947308714,0.0399413686457193,0.033435916800591985,150.376,Gold-T+28
295,xgboost,2024,2020–2023,999,249,10.1859,-0.4764425573862434,0.04774015191496157,0.03923345450588985,150.376,Gold-T+28
296,xgboost,2025,2021–2024,997,177,22.014,-0.8929661352641147,0.06260579445763116,0.048976398406195186,150.376,Gold-T+28
297,mlp,2015,2011–2014,989,249,11.2839,-0.021926271668858854,0.04740870238804966,0.03831109033777617,130.283,Gold-T+28
298,mlp,2016,2012–2015,987,247,8.8601,-0.23638786058932748,0.06286746980320461,0.04788178168308434,130.283,Gold-T+28
299,mlp,2017,2013–2016,990,246,9.878,-0.789381490123235,0.039990220823630525,0.03235902902887132,130.283,Gold-T+28
300,mlp,2018,2014–2017,988,247,12.6044,0.02356032066378866,0.02960122872613639,0.025094782296614195,130.283,Gold-T+28
301,mlp,2019,2015–2018,989,248,10.0543,-0.6074248082503277,0.04682726642197145,0.035299544704990936,130.283,Gold-T+28
302,mlp,2020,2016–2019,988,251,11.2276,-0.06196252896402399,0.04798381787550611,0.037599259566409936,130.283,Gold-T+28
303,mlp,2021,2017–2020,992,251,11.5362,-0.3397523674647063,0.04608682430374354,0.03795377515769782,130.283,Gold-T+28
304,mlp,2022,2018–2021,997,250,9.0465,-0.08934900434129323,0.05125905766884737,0.04412996293886261,130.283,Gold-T+28
305,mlp,2023,2019–2022,1000,247,10.9604,0.005097986525999576,0.0370417699226631,0.029785338579314268,130.283,Gold-T+28
306,mlp,2024,2020–2023,999,249,10.1716,-0.6027855515279461,0.04974085299060008,0.04099637744595613,130.283,Gold-T+28
307,mlp,2025,2021–2024,997,177,10.6001,-0.8796344656852191,0.06238494674002295,0.04931769341377832,130.283,Gold-T+28
